{"stats":{"minecraft:mined":{"minecraft:grass":1,"minecraft:kelp_plant":3},"minecraft:used":{"minecraft:kelp":10},"minecraft:custom":{"minecraft:jump":12,"minecraft:time_since_rest":896,"minecraft:damage_dealt":70,"minecraft:crouch_one_cm":176,"minecraft:leave_game":1,"minecraft:sprint_one_cm":4524,"minecraft:play_time":896,"minecraft:walk_on_water_one_cm":581,"minecraft:time_since_death":896,"minecraft:walk_one_cm":1360,"minecraft:sneak_time":106,"minecraft:total_world_time":896,"minecraft:walk_under_water_one_cm":2409,"minecraft:swim_one_cm":10806,"minecraft:fall_one_cm":418,"minecraft:fly_one_cm":5585},"minecraft:picked_up":{"minecraft:kelp":10}},"DataVersion":3465}